INSERT INTO `account_deletion_requests` VALUES
(1, current_timestamp, 'user123_org1_test'),
(2, current_timestamp, 'user132_org1_test'),
(3, current_timestamp, 'user250_org1_test'),
(4, current_timestamp, 'user283_org1_test'),
(5, current_timestamp, 'user327_org1_test'),
(6, current_timestamp, 'user351_org1_test'),
(7, current_timestamp, 'user376_org1_test'),
(8, current_timestamp, 'user405_org1_test'),
(9, current_timestamp, 'user419_org1_test'),
(10, current_timestamp, 'user464_org1_test'),
(11, current_timestamp, 'user577_org1_test'),
(12, current_timestamp, 'user579_org1_test'),
(13, current_timestamp, 'user691_org1_test'),
(14, current_timestamp, 'user711_org1_test'),
(15, current_timestamp, 'user721_org1_test'),
(16, current_timestamp, 'user774_org1_test'),
(17, current_timestamp, 'user810_org1_test'),
(18, current_timestamp, 'user814_org1_test'),
(19, current_timestamp, 'user1025_org1_test'),
(20, current_timestamp, 'user1047_org1_test'),
(21, current_timestamp, 'user1049_org1_test'),
(22, current_timestamp, 'user1060_org1_test'),
(23, current_timestamp, 'user1114_org1_test'),
(24, current_timestamp, 'user1186_org1_test'),
(25, current_timestamp, 'user1212_org1_test'),
(26, current_timestamp, 'user1226_org1_test'),
(27, current_timestamp, 'user1229_org1_test'),
(28, current_timestamp, 'user1238_org1_test'),
(29, current_timestamp, 'user1274_org1_test'),
(30, current_timestamp, 'user1302_org2_test');

INSERT INTO `requests` VALUES
(1031,  'pi_user580_org1_test',   'user102_org1_test',   current_timestamp),
(1032,  'admin',                  'user140_org2_test',   current_timestamp),
(1033,  'pi_user798_org1_test',   'user143_org1_test',   current_timestamp),
(1034,  'admin',                  'user155_org1_test',   current_timestamp),
(1035,  'pi_user725_org2_test',   'user156_org6_test',   current_timestamp),
(1036,  'admin',                  'user165_org1_test',   current_timestamp),
(1037,  'admin',                  'user174_org1_test',   current_timestamp),
(1038,  'admin',                  'user186_org1_test',   current_timestamp),
(1039,  'pi_user331_org1_test',   'user215_org1_test',   current_timestamp),
(1040,  'admin',                  'user222_org6_test',   current_timestamp),
(1041,  'pi_user207_org1_test',   'user244_org1_test',   current_timestamp),
(1042,  'pi_user11_org1_test',    'user257_org1_test',   current_timestamp),
(1043,  'admin',                  'user316_org1_test',   current_timestamp),
(1044,  'pi_user517_org1_test',   'user360_org1_test',   current_timestamp),
(1045,  'admin',                  'user403_org2_test',   current_timestamp),
(1046,  'admin',                  'user481_org1_test',   current_timestamp),
(1047,  'pi_user452_org1_test',   'user510_org1_test',   current_timestamp),
(1048,  'pi_user714_org2_test',   'user533_org1_test',   current_timestamp),
(1049,  'admin',                  'user537_org2_test',   current_timestamp),
(1050,  'admin',                  'user578_org1_test',   current_timestamp),
(1051,  'admin',                  'user585_org1_test',   current_timestamp),
(1052,  'admin',                  'user602_org1_test',   current_timestamp),
(1053,  'pi_user681_org1_test',   'user616_org1_test',   current_timestamp),
(1054,  'admin',                  'user618_org1_test',   current_timestamp),
(1055,  'pi_user295_org3_test',   'user661_org1_test',   current_timestamp),
(1056,  'admin',                  'user704_org1_test',   current_timestamp),
(1057,  'admin',                  'user734_org1_test',   current_timestamp),
(1058,  'pi_user268_org1_test',   'user740_org1_test',   current_timestamp),
(1059,  'pi_user278_org3_test',   'user757_org1_test',   current_timestamp),
(1060,  'pi_user788_org2_test',   'user767_org1_test',   current_timestamp),
(1061,  'admin',                  'user770_org1_test',   current_timestamp),
(1062,  'admin',                  'user780_org2_test',   current_timestamp),
(1063,  'pi_user130_org1_test',   'user804_org12_test',  current_timestamp),
(1064,  'admin',                  'user812_org3_test',   current_timestamp),
(1065,  'admin',                  'user818_org1_test',   current_timestamp),
(1066,  'pi_user832_org14_test',  'user825_org1_test',   current_timestamp),
(1067,  'admin',                  'user829_org1_test',   current_timestamp),
(1068,  'admin',                  'user838_org1_test',   current_timestamp),
(1069,  'pi_user615_org1_test',   'user856_org1_test',   current_timestamp),
(1070,  'pi_user592_org2_test',   'user923_org1_test',   current_timestamp),
(1071,  'pi_user875_org1_test',   'user948_org1_test',   current_timestamp),
(1072,  'admin',                  'user973_org1_test',   current_timestamp),
(1073,  'admin',                  'user986_org1_test',   current_timestamp),
(1074,  'admin',                  'user1030_org1_test',  current_timestamp),
(1075,  'pi_user242_org1_test',   'user1099_org1_test',  current_timestamp),
(1076,  'admin',                  'user1146_org1_test',  current_timestamp),
(1077,  'admin',                  'user1147_org9_test',  current_timestamp),
(1078,  'admin',                  'user1178_org1_test',  current_timestamp),
(1079,  'admin',                  'user1266_org1_test',  current_timestamp),
(1080,  'admin',                  'user1304_org1_test',  current_timestamp),
(1081,  'pi_user1019_org3_test',  'user126_org2_test',   current_timestamp),
(1082,  'pi_user354_org1_test',   'user135_org1_test',   current_timestamp),
(1083,  'pi_user801_org1_test',   'user200_org2_test',   current_timestamp),
(1084,  'pi_user304_org1_test',   'user205_org1_test',   current_timestamp),
(1085,  'pi_user1028_org1_test',  'user264_org1_test',   current_timestamp),
(1086,  'pi_user9_org3_test',     'user292_org2_test',   current_timestamp),
(1087,  'pi_user1082_org1_test',  'user407_org1_test',   current_timestamp),
(1088,  'pi_user167_org1_test',   'user480_org1_test',   current_timestamp),
(1089,  'pi_user1018_org2_test',  'user626_org1_test',   current_timestamp),
(1090,  'pi_user266_org1_test',   'user886_org1_test',   current_timestamp);

INSERT INTO `user_last_logins` VALUES
('user1_org1_test', current_timestamp),
('user2_org1_test', current_timestamp),
('user3_org1_test', current_timestamp),
('user4_org1_test', current_timestamp),
('user5_org2_test', current_timestamp),
('user6_org1_test', current_timestamp),
('user7_org1_test', current_timestamp),
('user8_org1_test', current_timestamp),
('user9_org3_test', current_timestamp),
('user10_org1_test', current_timestamp),
('user11_org1_test', current_timestamp),
('user12_org1_test', current_timestamp),
('user13_org1_test', current_timestamp),
('user14_org3_test', current_timestamp),
('user15_org3_test', current_timestamp),
('user16_org1_test', current_timestamp),
('user17_org1_test', current_timestamp),
('user18_org1_test', current_timestamp),
('user19_org1_test', current_timestamp),
('user20_org3_test', current_timestamp),
('user21_org1_test', current_timestamp),
('user22_org1_test', current_timestamp),
('user23_org1_test', current_timestamp),
('user24_org2_test', current_timestamp),
('user25_org1_test', current_timestamp),
('user26_org1_test', current_timestamp),
('user27_org1_test', current_timestamp),
('user28_org1_test', current_timestamp),
('user29_org1_test', current_timestamp),
('user30_org1_test', current_timestamp),
('user31_org1_test', current_timestamp),
('user32_org1_test', current_timestamp),
('user33_org3_test', current_timestamp),
('user34_org1_test', current_timestamp),
('user35_org1_test', current_timestamp),
('user36_org2_test', current_timestamp),
('user37_org1_test', current_timestamp),
('user38_org1_test', current_timestamp),
('user39_org1_test', current_timestamp),
('user40_org1_test', current_timestamp),
('user41_org1_test', current_timestamp),
('user42_org1_test', current_timestamp),
('user43_org1_test', current_timestamp),
('user44_org1_test', current_timestamp),
('user45_org1_test', current_timestamp),
('user46_org1_test', current_timestamp),
('user47_org1_test', current_timestamp),
('user48_org1_test', current_timestamp),
('user49_org1_test', current_timestamp),
('user50_org1_test', current_timestamp),
('user51_org3_test', current_timestamp),
('user52_org1_test', current_timestamp),
('user53_org1_test', current_timestamp),
('user54_org1_test', current_timestamp),
('user55_org1_test', current_timestamp),
('user56_org1_test', current_timestamp),
('user57_org2_test', current_timestamp),
('user58_org1_test', current_timestamp),
('user59_org1_test', current_timestamp),
('user60_org1_test', current_timestamp),
('user61_org1_test', current_timestamp),
('user62_org1_test', current_timestamp),
('user63_org1_test', current_timestamp),
('user64_org1_test', current_timestamp),
('user65_org1_test', current_timestamp),
('user66_org2_test', current_timestamp),
('user67_org2_test', current_timestamp),
('user68_org1_test', current_timestamp),
('user69_org2_test', current_timestamp),
('user70_org1_test', current_timestamp),
('user71_org1_test', current_timestamp),
('user72_org3_test', current_timestamp),
('user73_org1_test', current_timestamp),
('user74_org3_test', current_timestamp),
('user75_org1_test', current_timestamp),
('user76_org5_test', current_timestamp),
('user77_org2_test', current_timestamp),
('user78_org1_test', current_timestamp),
('user79_org1_test', current_timestamp),
('user80_org1_test', current_timestamp),
('user81_org1_test', current_timestamp),
('user82_org1_test', current_timestamp),
('user83_org1_test', current_timestamp),
('user84_org1_test', current_timestamp),
('user85_org1_test', current_timestamp),
('user86_org1_test', current_timestamp),
('user87_org1_test', current_timestamp),
('user88_org1_test', current_timestamp),
('user89_org1_test', current_timestamp),
('user90_org1_test', current_timestamp),
('user91_org1_test', current_timestamp),
('user92_org1_test', current_timestamp),
('user93_org1_test', current_timestamp),
('user94_org1_test', current_timestamp),
('user95_org1_test', current_timestamp),
('user96_org1_test', current_timestamp),
('user97_org1_test', current_timestamp),
('user98_org1_test', current_timestamp),
('user99_org1_test', current_timestamp),
('user100_org1_test', current_timestamp),
('user101_org1_test', current_timestamp),
('user102_org1_test', current_timestamp),
('user103_org1_test', current_timestamp),
('user104_org2_test', current_timestamp),
('user105_org3_test', current_timestamp),
('user106_org1_test', current_timestamp),
('user107_org1_test', current_timestamp),
('user108_org1_test', current_timestamp),
('user109_org1_test', current_timestamp),
('user110_org1_test', current_timestamp),
('user111_org1_test', current_timestamp),
('user112_org3_test', current_timestamp),
('user113_org1_test', current_timestamp),
('user114_org1_test', current_timestamp),
('user115_org1_test', current_timestamp),
('user116_org1_test', current_timestamp),
('user117_org1_test', current_timestamp),
('user118_org1_test', current_timestamp),
('user119_org1_test', current_timestamp),
('user120_org1_test', current_timestamp),
('user121_org1_test', current_timestamp),
('user122_org2_test', current_timestamp),
('user123_org1_test', current_timestamp),
('user124_org1_test', current_timestamp),
('user125_org1_test', current_timestamp),
('user126_org2_test', current_timestamp),
('user127_org1_test', current_timestamp),
('user128_org1_test', current_timestamp),
('user129_org2_test', current_timestamp),
('user130_org1_test', current_timestamp),
('user131_org1_test', current_timestamp),
('user132_org1_test', current_timestamp),
('user133_org1_test', current_timestamp),
('user134_org1_test', current_timestamp),
('user135_org1_test', current_timestamp),
('user136_org1_test', current_timestamp),
('user137_org1_test', current_timestamp),
('user138_org3_test', current_timestamp),
('user139_org1_test', current_timestamp),
('user140_org2_test', current_timestamp),
('user141_org1_test', current_timestamp),
('user142_org1_test', current_timestamp),
('user143_org1_test', current_timestamp),
('user144_org1_test', current_timestamp),
('user145_org3_test', current_timestamp),
('user146_org1_test', current_timestamp),
('user147_org1_test', current_timestamp),
('user148_org1_test', current_timestamp),
('user149_org1_test', current_timestamp),
('user150_org1_test', current_timestamp),
('user151_org1_test', current_timestamp),
('user152_org1_test', current_timestamp),
('user153_org1_test', current_timestamp),
('user154_org3_test', current_timestamp),
('user155_org1_test', current_timestamp),
('user156_org6_test', current_timestamp),
('user157_org1_test', current_timestamp),
('user158_org1_test', current_timestamp),
('user159_org3_test', current_timestamp),
('user160_org1_test', current_timestamp),
('user161_org1_test', current_timestamp),
('user162_org1_test', current_timestamp),
('user163_org1_test', current_timestamp),
('user164_org1_test', current_timestamp),
('user165_org1_test', current_timestamp),
('user166_org2_test', current_timestamp),
('user167_org1_test', current_timestamp),
('user168_org1_test', current_timestamp),
('user169_org1_test', current_timestamp),
('user170_org2_test', current_timestamp),
('user171_org1_test', current_timestamp),
('user172_org1_test', current_timestamp),
('user173_org1_test', current_timestamp),
('user174_org1_test', current_timestamp),
('user175_org1_test', current_timestamp),
('user176_org2_test', current_timestamp),
('user177_org1_test', current_timestamp),
('user178_org1_test', current_timestamp),
('user179_org1_test', current_timestamp),
('user180_org1_test', current_timestamp),
('user181_org1_test', current_timestamp),
('user182_org1_test', current_timestamp),
('user183_org2_test', current_timestamp),
('user184_org1_test', current_timestamp),
('user185_org1_test', current_timestamp),
('user186_org1_test', current_timestamp),
('user187_org1_test', current_timestamp),
('user188_org1_test', current_timestamp),
('user189_org2_test', current_timestamp),
('user190_org000000007_test', current_timestamp),
('user191_org2_test', current_timestamp),
('user192_org1_test', current_timestamp),
('user193_org1_test', current_timestamp),
('user194_org1_test', current_timestamp),
('user195_org1_test', current_timestamp),
('user196_org1_test', current_timestamp),
('user197_org3_test', current_timestamp),
('user198_org1_test', current_timestamp),
('user199_org1_test', current_timestamp),
('user200_org2_test', current_timestamp),
('user201_org1_test', current_timestamp),
('user202_org3_test', current_timestamp),
('user203_org3_test', current_timestamp),
('user204_org3_test', current_timestamp),
('user205_org1_test', current_timestamp),
('user206_org1_test', current_timestamp),
('user207_org1_test', current_timestamp),
('user208_org1_test', current_timestamp),
('user209_org1_test', current_timestamp),
('user210_org2_test', current_timestamp),
('user211_org000000007_test', current_timestamp),
('user212_org1_test', current_timestamp),
('user213_org1_test', current_timestamp),
('user214_org1_test', current_timestamp),
('user215_org1_test', current_timestamp),
('user216_org1_test', current_timestamp),
('user217_org1_test', current_timestamp),
('user218_org1_test', current_timestamp),
('user219_org1_test', current_timestamp),
('user220_org1_test', current_timestamp),
('user221_org1_test', current_timestamp),
('user222_org6_test', current_timestamp),
('user223_org1_test', current_timestamp),
('user224_org1_test', current_timestamp),
('user225_org1_test', current_timestamp),
('user226_org3_test', current_timestamp),
('user227_org8_test', current_timestamp),
('user228_org1_test', current_timestamp),
('user229_org1_test', current_timestamp),
('user230_org1_test', current_timestamp),
('user231_org3_test', current_timestamp),
('user232_org1_test', current_timestamp),
('user233_org1_test', current_timestamp),
('user234_org9_test', current_timestamp),
('user235_org2_test', current_timestamp),
('user236_org1_test', current_timestamp),
('user237_org1_test', current_timestamp),
('user238_org1_test', current_timestamp),
('user239_org1_test', current_timestamp),
('user240_org1_test', current_timestamp),
('user241_org1_test', current_timestamp),
('user242_org1_test', current_timestamp),
('user243_org1_test', current_timestamp),
('user244_org1_test', current_timestamp),
('user245_org1_test', current_timestamp),
('user246_org1_test', current_timestamp),
('user247_org1_test', current_timestamp),
('user248_org2_test', current_timestamp),
('user249_org3_test', current_timestamp),
('user250_org1_test', current_timestamp),
('user251_org2_test', current_timestamp),
('user252_org1_test', current_timestamp),
('user253_org1_test', current_timestamp),
('user254_org1_test', current_timestamp),
('user255_org1_test', current_timestamp),
('user256_org1_test', current_timestamp),
('user257_org1_test', current_timestamp),
('user258_org1_test', current_timestamp),
('user259_org2_test', current_timestamp),
('user260_org1_test', current_timestamp),
('user261_org3_test', current_timestamp),
('user262_org1_test', current_timestamp),
('user263_org1_test', current_timestamp),
('user264_org1_test', current_timestamp),
('user265_org1_test', current_timestamp),
('user266_org1_test', current_timestamp),
('user267_org1_test', current_timestamp),
('user268_org1_test', current_timestamp),
('user269_org1_test', current_timestamp),
('user270_org10_test', current_timestamp),
('user271_org1_test', current_timestamp),
('user272_org1_test', current_timestamp),
('user273_org1_test', current_timestamp),
('user274_org2_test', current_timestamp),
('user275_org1_test', current_timestamp),
('user276_org1_test', current_timestamp),
('user277_org1_test', current_timestamp),
('user278_org3_test', current_timestamp),
('user279_org1_test', current_timestamp),
('user280_org1_test', current_timestamp),
('user281_org1_test', current_timestamp),
('user282_org1_test', current_timestamp),
('user283_org1_test', current_timestamp),
('user284_org1_test', current_timestamp),
('user285_org1_test', current_timestamp),
('user286_org1_test', current_timestamp),
('user287_org1_test', current_timestamp),
('user288_org000000007_test', current_timestamp),
('user289_org2_test', current_timestamp),
('user290_org1_test', current_timestamp),
('user291_org1_test', current_timestamp),
('user292_org2_test', current_timestamp),
('user293_org1_test', current_timestamp),
('user294_org11_test', current_timestamp),
('user295_org3_test', current_timestamp),
('user296_org1_test', current_timestamp),
('user297_org1_test', current_timestamp),
('user298_org2_test', current_timestamp),
('user299_org3_test', current_timestamp),
('user300_org1_test', current_timestamp),
('user301_org1_test', current_timestamp),
('user302_org1_test', current_timestamp),
('user303_org1_test', current_timestamp),
('user304_org1_test', current_timestamp),
('user305_org2_test', current_timestamp),
('user306_org1_test', current_timestamp),
('user307_org1_test', current_timestamp),
('user308_org1_test', current_timestamp),
('user309_org1_test', current_timestamp),
('user310_org1_test', current_timestamp),
('user311_org1_test', current_timestamp),
('user312_org1_test', current_timestamp),
('user313_org3_test', current_timestamp),
('user314_org1_test', current_timestamp),
('user315_org2_test', current_timestamp),
('user316_org1_test', current_timestamp),
('user317_org1_test', current_timestamp),
('user318_org1_test', current_timestamp),
('user319_org1_test', current_timestamp),
('user320_org1_test', current_timestamp),
('user321_org2_test', current_timestamp),
('user322_org2_test', current_timestamp),
('user323_org1_test', current_timestamp),
('user324_org1_test', current_timestamp),
('user325_org1_test', current_timestamp),
('user326_org3_test', current_timestamp),
('user327_org1_test', current_timestamp),
('user328_org1_test', current_timestamp),
('user329_org1_test', current_timestamp),
('user330_org1_test', current_timestamp),
('user331_org1_test', current_timestamp),
('user332_org1_test', current_timestamp),
('user333_org3_test', current_timestamp),
('user334_org1_test', current_timestamp),
('user335_org1_test', current_timestamp),
('user336_org1_test', current_timestamp),
('user337_org1_test', current_timestamp),
('user338_org1_test', current_timestamp),
('user339_org1_test', current_timestamp),
('user340_org1_test', current_timestamp),
('user341_org1_test', current_timestamp),
('user342_org1_test', current_timestamp),
('user343_org1_test', current_timestamp),
('user344_org1_test', current_timestamp),
('user345_org1_test', current_timestamp),
('user346_org2_test', current_timestamp),
('user347_org2_test', current_timestamp),
('user348_org1_test', current_timestamp),
('user349_org1_test', current_timestamp),
('user350_org1_test', current_timestamp),
('user351_org1_test', current_timestamp),
('user352_org1_test', current_timestamp),
('user353_org1_test', current_timestamp),
('user354_org1_test', current_timestamp),
('user355_org1_test', current_timestamp),
('user356_org1_test', current_timestamp),
('user357_org1_test', current_timestamp),
('user358_org11_test', current_timestamp),
('user359_org1_test', current_timestamp),
('user360_org1_test', current_timestamp),
('user361_org1_test', current_timestamp),
('user362_org1_test', current_timestamp),
('user363_org1_test', current_timestamp),
('user364_org1_test', current_timestamp),
('user365_org1_test', current_timestamp),
('user366_org1_test', current_timestamp),
('user367_org1_test', current_timestamp),
('user368_org1_test', current_timestamp),
('user369_org1_test', current_timestamp),
('user370_org3_test', current_timestamp),
('user371_org1_test', current_timestamp),
('user372_org1_test', current_timestamp),
('user373_org1_test', current_timestamp),
('user374_org1_test', current_timestamp),
('user375_org2_test', current_timestamp),
('user376_org1_test', current_timestamp),
('user377_org1_test', current_timestamp),
('user378_org1_test', current_timestamp),
('user379_org1_test', current_timestamp),
('user380_org1_test', current_timestamp),
('user381_org1_test', current_timestamp),
('user382_org1_test', current_timestamp),
('user383_org2_test', current_timestamp),
('user384_org1_test', current_timestamp),
('user385_org1_test', current_timestamp),
('user386_org1_test', current_timestamp),
('user387_org2_test', current_timestamp),
('user388_org1_test', current_timestamp),
('user389_org1_test', current_timestamp),
('user390_org1_test', current_timestamp),
('user391_org1_test', current_timestamp),
('user392_org2_test', current_timestamp),
('user393_org1_test', current_timestamp),
('user394_org1_test', current_timestamp),
('user395_org1_test', current_timestamp),
('user396_org1_test', current_timestamp),
('user397_org1_test', current_timestamp),
('user398_org1_test', current_timestamp),
('user399_org1_test', current_timestamp),
('user400_org1_test', current_timestamp),
('user401_org1_test', current_timestamp),
('user402_org1_test', current_timestamp),
('user403_org2_test', current_timestamp),
('user404_org3_test', current_timestamp),
('user405_org1_test', current_timestamp),
('user406_org3_test', current_timestamp),
('user407_org1_test', current_timestamp),
('user408_org2_test', current_timestamp),
('user409_org1_test', current_timestamp),
('user410_org2_test', current_timestamp),
('user411_org1_test', current_timestamp),
('user412_org2_test', current_timestamp),
('user413_org1_test', current_timestamp),
('user414_org1_test', current_timestamp),
('user415_org3_test', current_timestamp),
('user416_org1_test', current_timestamp),
('user417_org3_test', current_timestamp),
('user418_org1_test', current_timestamp),
('user419_org1_test', current_timestamp),
('user420_org1_test', current_timestamp),
('user421_org1_test', current_timestamp),
('user422_org1_test', current_timestamp),
('user423_org1_test', current_timestamp),
('user424_org2_test', current_timestamp),
('user425_org1_test', current_timestamp),
('user426_org3_test', current_timestamp),
('user427_org1_test', current_timestamp),
('user428_org1_test', current_timestamp),
('user429_org1_test', current_timestamp),
('user430_org1_test', current_timestamp),
('user431_org1_test', current_timestamp),
('user432_org2_test', current_timestamp),
('user433_org1_test', current_timestamp),
('user434_org1_test', current_timestamp),
('user435_org1_test', current_timestamp),
('user436_org2_test', current_timestamp),
('user437_org1_test', current_timestamp),
('user438_org1_test', current_timestamp),
('user439_org2_test', current_timestamp),
('user440_org1_test', current_timestamp),
('user441_org1_test', current_timestamp),
('user442_org1_test', current_timestamp),
('user443_org1_test', current_timestamp),
('user444_org1_test', current_timestamp),
('user445_org1_test', current_timestamp),
('user446_org1_test', current_timestamp),
('user447_org1_test', current_timestamp),
('user448_org1_test', current_timestamp),
('user449_org1_test', current_timestamp),
('user450_org1_test', current_timestamp),
('user451_org1_test', current_timestamp),
('user452_org1_test', current_timestamp),
('user453_org1_test', current_timestamp),
('user454_org1_test', current_timestamp),
('user455_org1_test', current_timestamp),
('user456_org1_test', current_timestamp),
('user457_org1_test', current_timestamp),
('user458_org1_test', current_timestamp),
('user459_org1_test', current_timestamp),
('user460_org1_test', current_timestamp),
('user461_org1_test', current_timestamp),
('user462_org1_test', current_timestamp),
('user463_org1_test', current_timestamp),
('user464_org1_test', current_timestamp),
('user465_org1_test', current_timestamp),
('user466_org2_test', current_timestamp),
('user467_org2_test', current_timestamp),
('user468_org1_test', current_timestamp),
('user469_org1_test', current_timestamp),
('user470_org1_test', current_timestamp),
('user471_org1_test', current_timestamp),
('user472_org1_test', current_timestamp),
('user473_org1_test', current_timestamp),
('user474_org1_test', current_timestamp),
('user475_org1_test', current_timestamp),
('user476_org1_test', current_timestamp),
('user477_org1_test', current_timestamp),
('user478_org1_test', current_timestamp),
('user479_org2_test', current_timestamp),
('user480_org1_test', current_timestamp),
('user481_org1_test', current_timestamp),
('user482_org1_test', current_timestamp),
('user483_org1_test', current_timestamp),
('user484_org1_test', current_timestamp),
('user485_org1_test', current_timestamp),
('user486_org1_test', current_timestamp),
('user487_org2_test', current_timestamp),
('user488_org1_test', current_timestamp),
('user489_org1_test', current_timestamp),
('user490_org1_test', current_timestamp),
('user491_org4_test', current_timestamp),
('user492_org1_test', current_timestamp),
('user493_org1_test', current_timestamp),
('user494_org8_test', current_timestamp),
('user495_org1_test', current_timestamp),
('user496_org1_test', current_timestamp),
('user497_org1_test', current_timestamp),
('user498_org1_test', current_timestamp),
('user499_org11_test', current_timestamp),
('user500_org1_test', current_timestamp),
('user501_org1_test', current_timestamp),
('user502_org1_test', current_timestamp),
('user503_org1_test', current_timestamp),
('user504_org1_test', current_timestamp),
('user505_org1_test', current_timestamp),
('user506_org1_test', current_timestamp),
('user507_org2_test', current_timestamp),
('user508_org1_test', current_timestamp),
('user509_org1_test', current_timestamp),
('user510_org1_test', current_timestamp),
('user511_org1_test', current_timestamp),
('user512_org3_test', current_timestamp),
('user513_org1_test', current_timestamp),
('user514_org1_test', current_timestamp),
('user515_org1_test', current_timestamp),
('user516_org1_test', current_timestamp),
('user517_org1_test', current_timestamp),
('user518_org1_test', current_timestamp),
('user519_org000000007_test', current_timestamp),
('user520_org2_test', current_timestamp),
('user521_org2_test', current_timestamp),
('user522_org1_test', current_timestamp),
('user523_org1_test', current_timestamp),
('user524_org1_test', current_timestamp),
('user525_org2_test', current_timestamp),
('user526_org1_test', current_timestamp),
('user527_org1_test', current_timestamp),
('user528_org1_test', current_timestamp),
('user529_org1_test', current_timestamp),
('user530_org1_test', current_timestamp),
('user531_org1_test', current_timestamp),
('user532_org000000007_test', current_timestamp),
('user533_org1_test', current_timestamp),
('user534_org1_test', current_timestamp),
('user535_org1_test', current_timestamp),
('user536_org1_test', current_timestamp),
('user537_org2_test', current_timestamp),
('user538_org2_test', current_timestamp),
('user539_org1_test', current_timestamp),
('user540_org1_test', current_timestamp),
('user541_org2_test', current_timestamp),
('user542_org1_test', current_timestamp),
('user543_org1_test', current_timestamp),
('user544_org1_test', current_timestamp),
('user545_org1_test', current_timestamp),
('user546_org1_test', current_timestamp),
('user547_org1_test', current_timestamp),
('user548_org1_test', current_timestamp),
('user549_org1_test', current_timestamp),
('user550_org1_test', current_timestamp),
('user551_org1_test', current_timestamp),
('user552_org1_test', current_timestamp),
('user553_org2_test', current_timestamp),
('user554_org2_test', current_timestamp),
('user555_org1_test', current_timestamp),
('user556_org1_test', current_timestamp),
('user557_org1_test', current_timestamp),
('user558_org1_test', current_timestamp),
('user559_org1_test', current_timestamp),
('user560_org1_test', current_timestamp),
('user561_org1_test', current_timestamp),
('user562_org1_test', current_timestamp),
('user563_org1_test', current_timestamp),
('user564_org1_test', current_timestamp),
('user565_org1_test', current_timestamp),
('user566_org1_test', current_timestamp),
('user567_org1_test', current_timestamp),
('user568_org1_test', current_timestamp),
('user569_org1_test', current_timestamp),
('user570_org1_test', current_timestamp),
('user571_org1_test', current_timestamp),
('user572_org1_test', current_timestamp),
('user573_org1_test', current_timestamp),
('user574_org1_test', current_timestamp),
('user575_org1_test', current_timestamp),
('user576_org1_test', current_timestamp),
('user577_org1_test', current_timestamp),
('user578_org1_test', current_timestamp),
('user579_org1_test', current_timestamp),
('user580_org1_test', current_timestamp),
('user581_org1_test', current_timestamp),
('user582_org1_test', current_timestamp),
('user583_org1_test', current_timestamp),
('user584_org2_test', current_timestamp),
('user585_org1_test', current_timestamp),
('user586_org1_test', current_timestamp),
('user587_org1_test', current_timestamp),
('user588_org1_test', current_timestamp),
('user589_org1_test', current_timestamp),
('user590_org1_test', current_timestamp),
('user591_org1_test', current_timestamp),
('user592_org2_test', current_timestamp),
('user593_org2_test', current_timestamp),
('user594_org2_test', current_timestamp),
('user595_org2_test', current_timestamp),
('user596_org1_test', current_timestamp),
('user597_org1_test', current_timestamp),
('user598_org1_test', current_timestamp),
('user599_org1_test', current_timestamp),
('user600_org1_test', current_timestamp),
('user601_org1_test', current_timestamp),
('user602_org1_test', current_timestamp),
('user603_org1_test', current_timestamp),
('user604_org1_test', current_timestamp),
('user605_org1_test', current_timestamp),
('user606_org1_test', current_timestamp),
('user607_org1_test', current_timestamp),
('user608_org1_test', current_timestamp),
('user609_org1_test', current_timestamp),
('user610_org2_test', current_timestamp),
('user611_org1_test', current_timestamp),
('user612_org1_test', current_timestamp),
('user613_org1_test', current_timestamp),
('user614_org1_test', current_timestamp),
('user615_org1_test', current_timestamp),
('user616_org1_test', current_timestamp),
('user617_org2_test', current_timestamp),
('user618_org1_test', current_timestamp),
('user619_org1_test', current_timestamp),
('user620_org1_test', current_timestamp),
('user621_org1_test', current_timestamp),
('user622_org1_test', current_timestamp),
('user623_org1_test', current_timestamp),
('user624_org1_test', current_timestamp),
('user625_org2_test', current_timestamp),
('user626_org1_test', current_timestamp),
('user627_org1_test', current_timestamp),
('user628_org1_test', current_timestamp),
('user629_org1_test', current_timestamp),
('user630_org3_test', current_timestamp),
('user631_org1_test', current_timestamp),
('user632_org1_test', current_timestamp),
('user633_org1_test', current_timestamp),
('user634_org1_test', current_timestamp),
('user635_org1_test', current_timestamp),
('user636_org2_test', current_timestamp),
('user637_org1_test', current_timestamp),
('user638_org10_test', current_timestamp),
('user639_org3_test', current_timestamp),
('user640_org1_test', current_timestamp),
('user641_org1_test', current_timestamp),
('user642_org1_test', current_timestamp),
('user643_org1_test', current_timestamp),
('user644_org3_test', current_timestamp),
('user645_org1_test', current_timestamp),
('user646_org3_test', current_timestamp),
('user647_org1_test', current_timestamp),
('user648_org2_test', current_timestamp),
('user649_org1_test', current_timestamp),
('user650_org1_test', current_timestamp),
('user651_org1_test', current_timestamp),
('user652_org1_test', current_timestamp),
('user653_org1_test', current_timestamp),
('user654_org1_test', current_timestamp),
('user655_org1_test', current_timestamp),
('user656_org1_test', current_timestamp),
('user657_org2_test', current_timestamp),
('user658_org1_test', current_timestamp),
('user659_org1_test', current_timestamp),
('user660_org1_test', current_timestamp),
('user661_org1_test', current_timestamp),
('user662_org2_test', current_timestamp),
('user663_org2_test', current_timestamp),
('user664_org1_test', current_timestamp),
('user665_org1_test', current_timestamp),
('user666_org1_test', current_timestamp),
('user667_org1_test', current_timestamp),
('user668_org1_test', current_timestamp),
('user669_org2_test', current_timestamp),
('user670_org1_test', current_timestamp),
('user671_org1_test', current_timestamp),
('user672_org3_test', current_timestamp),
('user673_org3_test', current_timestamp),
('user674_org1_test', current_timestamp),
('user675_org1_test', current_timestamp),
('user676_org1_test', current_timestamp),
('user677_org1_test', current_timestamp),
('user678_org1_test', current_timestamp),
('user679_org1_test', current_timestamp),
('user680_org1_test', current_timestamp),
('user681_org1_test', current_timestamp),
('user682_org1_test', current_timestamp),
('user683_org1_test', current_timestamp),
('user684_org1_test', current_timestamp),
('user685_org1_test', current_timestamp),
('user686_org12_test', current_timestamp),
('user687_org1_test', current_timestamp),
('user688_org1_test', current_timestamp),
('user689_org1_test', current_timestamp),
('user690_org1_test', current_timestamp),
('user691_org1_test', current_timestamp),
('user692_org1_test', current_timestamp),
('user693_org1_test', current_timestamp),
('user694_org2_test', current_timestamp),
('user695_org2_test', current_timestamp),
('user696_org1_test', current_timestamp),
('user697_org1_test', current_timestamp),
('user698_org1_test', current_timestamp),
('user699_org1_test', current_timestamp),
('user700_org1_test', current_timestamp),
('user701_org1_test', current_timestamp),
('user702_org1_test', current_timestamp),
('user703_org11_test', current_timestamp),
('user704_org1_test', current_timestamp),
('user705_org2_test', current_timestamp),
('user706_org1_test', current_timestamp),
('user707_org1_test', current_timestamp),
('user708_org1_test', current_timestamp),
('user709_org2_test', current_timestamp),
('user710_org11_test', current_timestamp),
('user711_org1_test', current_timestamp),
('user712_org1_test', current_timestamp),
('user713_org1_test', current_timestamp),
('user714_org2_test', current_timestamp),
('user715_org1_test', current_timestamp),
('user716_org2_test', current_timestamp),
('user717_org2_test', current_timestamp),
('user718_org1_test', current_timestamp),
('user719_org1_test', current_timestamp),
('user720_org1_test', current_timestamp),
('user721_org1_test', current_timestamp),
('user722_org1_test', current_timestamp),
('user723_org2_test', current_timestamp),
('user724_org1_test', current_timestamp),
('user725_org2_test', current_timestamp),
('user726_org2_test', current_timestamp),
('user727_org000000007_test', current_timestamp),
('user728_org9_test', current_timestamp),
('user729_org3_test', current_timestamp),
('user730_org1_test', current_timestamp),
('user731_org1_test', current_timestamp),
('user732_org1_test', current_timestamp),
('user733_org1_test', current_timestamp),
('user734_org1_test', current_timestamp),
('user735_org1_test', current_timestamp),
('user736_org1_test', current_timestamp),
('user737_org1_test', current_timestamp),
('user738_org1_test', current_timestamp),
('user739_org1_test', current_timestamp),
('user740_org1_test', current_timestamp),
('user741_org1_test', current_timestamp),
('user742_org1_test', current_timestamp),
('user743_org1_test', current_timestamp),
('user744_org1_test', current_timestamp),
('user745_org1_test', current_timestamp),
('user746_org1_test', current_timestamp),
('user747_org1_test', current_timestamp),
('user748_org3_test', current_timestamp),
('user749_org1_test', current_timestamp),
('user750_org1_test', current_timestamp),
('user751_org1_test', current_timestamp),
('user752_org1_test', current_timestamp),
('user753_org1_test', current_timestamp),
('user754_org1_test', current_timestamp),
('user755_org1_test', current_timestamp),
('user756_org1_test', current_timestamp),
('user757_org1_test', current_timestamp),
('user758_org1_test', current_timestamp),
('user759_org1_test', current_timestamp),
('user760_org2_test', current_timestamp),
('user761_org1_test', current_timestamp),
('user762_org1_test', current_timestamp),
('user763_org1_test', current_timestamp),
('user764_org1_test', current_timestamp),
('user765_org1_test', current_timestamp),
('user766_org3_test', current_timestamp),
('user767_org1_test', current_timestamp),
('user768_org1_test', current_timestamp),
('user769_org1_test', current_timestamp),
('user770_org1_test', current_timestamp),
('user771_org1_test', current_timestamp),
('user772_org1_test', current_timestamp),
('user773_org1_test', current_timestamp),
('user774_org1_test', current_timestamp),
('user775_org1_test', current_timestamp),
('user776_org1_test', current_timestamp),
('user777_org3_test', current_timestamp),
('user778_org1_test', current_timestamp),
('user779_org1_test', current_timestamp),
('user780_org2_test', current_timestamp),
('user781_org1_test', current_timestamp),
('user782_org1_test', current_timestamp),
('user783_org1_test', current_timestamp),
('user784_org1_test', current_timestamp),
('user785_org1_test', current_timestamp),
('user786_org1_test', current_timestamp),
('user787_org1_test', current_timestamp),
('user788_org2_test', current_timestamp),
('user789_org3_test', current_timestamp),
('user790_org1_test', current_timestamp),
('user791_org2_test', current_timestamp),
('user792_org1_test', current_timestamp),
('user793_org1_test', current_timestamp),
('user794_org1_test', current_timestamp),
('user795_org1_test', current_timestamp),
('user796_org11_test', current_timestamp),
('user797_org1_test', current_timestamp),
('user798_org1_test', current_timestamp),
('user799_org1_test', current_timestamp),
('user800_org1_test', current_timestamp),
('user801_org1_test', current_timestamp),
('user802_org2_test', current_timestamp),
('user803_org1_test', current_timestamp),
('user804_org12_test', current_timestamp),
('user805_org3_test', current_timestamp),
('user806_org1_test', current_timestamp),
('user807_org1_test', current_timestamp),
('user808_org1_test', current_timestamp),
('user809_org2_test', current_timestamp),
('user810_org1_test', current_timestamp),
('user811_org1_test', current_timestamp),
('user812_org3_test', current_timestamp),
('user813_org1_test', current_timestamp),
('user814_org1_test', current_timestamp),
('user815_org1_test', current_timestamp),
('user816_org11_test', current_timestamp),
('user817_org1_test', current_timestamp),
('user818_org1_test', current_timestamp),
('user819_org1_test', current_timestamp),
('user820_org1_test', current_timestamp),
('user821_org1_test', current_timestamp),
('user822_org1_test', current_timestamp),
('user823_org1_test', current_timestamp),
('user824_org1_test', current_timestamp),
('user825_org1_test', current_timestamp),
('user826_org1_test', current_timestamp),
('user827_org1_test', current_timestamp),
('user828_org1_test', current_timestamp),
('user829_org1_test', current_timestamp),
('user830_org11_test', current_timestamp),
('user831_org1_test', current_timestamp),
('user832_org14_test', current_timestamp),
('user833_org1_test', current_timestamp),
('user834_org2_test', current_timestamp),
('user835_org1_test', current_timestamp),
('user836_org1_test', current_timestamp),
('user837_org1_test', current_timestamp),
('user838_org1_test', current_timestamp),
('user839_org2_test', current_timestamp),
('user840_org1_test', current_timestamp),
('user841_org1_test', current_timestamp),
('user842_org1_test', current_timestamp),
('user843_org1_test', current_timestamp),
('user844_org1_test', current_timestamp),
('user845_org1_test', current_timestamp),
('user846_org1_test', current_timestamp),
('user847_org1_test', current_timestamp),
('user848_org1_test', current_timestamp),
('user849_org1_test', current_timestamp),
('user850_org3_test', current_timestamp),
('user851_org1_test', current_timestamp),
('user852_org1_test', current_timestamp),
('user853_org1_test', current_timestamp),
('user854_org1_test', current_timestamp),
('user855_org5_test', current_timestamp),
('user856_org1_test', current_timestamp),
('user857_org1_test', current_timestamp),
('user858_org1_test', current_timestamp),
('user859_org1_test', current_timestamp),
('user860_org1_test', current_timestamp),
('user861_org1_test', current_timestamp),
('user862_org1_test', current_timestamp),
('user863_org1_test', current_timestamp),
('user864_org1_test', current_timestamp),
('user865_org000000007_test', current_timestamp),
('user866_org2_test', current_timestamp),
('user867_org1_test', current_timestamp),
('user868_org1_test', current_timestamp),
('user869_org1_test', current_timestamp),
('user870_org3_test', current_timestamp),
('user871_org1_test', current_timestamp),
('user872_org1_test', current_timestamp),
('user873_org2_test', current_timestamp),
('user874_org1_test', current_timestamp),
('user875_org1_test', current_timestamp),
('user876_org2_test', current_timestamp),
('user877_org1_test', current_timestamp),
('user878_org2_test', current_timestamp),
('user879_org1_test', current_timestamp),
('user880_org1_test', current_timestamp),
('user881_org1_test', current_timestamp),
('user882_org1_test', current_timestamp),
('user883_org3_test', current_timestamp),
('user884_org1_test', current_timestamp),
('user885_org1_test', current_timestamp),
('user886_org1_test', current_timestamp),
('user887_org1_test', current_timestamp),
('user888_org1_test', current_timestamp),
('user889_org1_test', current_timestamp),
('user890_org3_test', current_timestamp),
('user891_org1_test', current_timestamp),
('user892_org1_test', current_timestamp),
('user893_org1_test', current_timestamp),
('user894_org1_test', current_timestamp),
('user895_org1_test', current_timestamp),
('user896_org1_test', current_timestamp),
('user897_org1_test', current_timestamp),
('user898_org1_test', current_timestamp),
('user899_org1_test', current_timestamp),
('user900_org1_test', current_timestamp),
('user901_org1_test', current_timestamp),
('user902_org1_test', current_timestamp),
('user903_org1_test', current_timestamp),
('user904_org2_test', current_timestamp),
('user905_org1_test', current_timestamp),
('user906_org1_test', current_timestamp),
('user907_org1_test', current_timestamp),
('user908_org1_test', current_timestamp),
('user909_org1_test', current_timestamp),
('user910_org1_test', current_timestamp),
('user911_org1_test', current_timestamp),
('user912_org2_test', current_timestamp),
('user913_org1_test', current_timestamp),
('user914_org1_test', current_timestamp),
('user915_org1_test', current_timestamp),
('user916_org1_test', current_timestamp),
('user917_org1_test', current_timestamp),
('user918_org1_test', current_timestamp),
('user919_org1_test', current_timestamp),
('user920_org1_test', current_timestamp),
('user921_org1_test', current_timestamp),
('user922_org1_test', current_timestamp),
('user923_org1_test', current_timestamp),
('user924_org1_test', current_timestamp),
('user925_org1_test', current_timestamp),
('user926_org1_test', current_timestamp),
('user927_org1_test', current_timestamp),
('user928_org1_test', current_timestamp),
('user929_org2_test', current_timestamp),
('user930_org2_test', current_timestamp),
('user931_org1_test', current_timestamp),
('user932_org1_test', current_timestamp),
('user933_org2_test', current_timestamp),
('user934_org3_test', current_timestamp),
('user935_org1_test', current_timestamp),
('user936_org1_test', current_timestamp),
('user937_org1_test', current_timestamp),
('user938_org1_test', current_timestamp),
('user939_org1_test', current_timestamp),
('user940_org3_test', current_timestamp),
('user941_org1_test', current_timestamp),
('user942_org1_test', current_timestamp),
('user943_org1_test', current_timestamp),
('user944_org3_test', current_timestamp),
('user945_org3_test', current_timestamp),
('user946_org1_test', current_timestamp),
('user947_org2_test', current_timestamp),
('user948_org1_test', current_timestamp),
('user949_org1_test', current_timestamp),
('user950_org1_test', current_timestamp),
('user951_org1_test', current_timestamp),
('user952_org1_test', current_timestamp),
('user953_org1_test', current_timestamp),
('user954_org1_test', current_timestamp),
('user955_org2_test', current_timestamp),
('user956_org1_test', current_timestamp),
('user957_org1_test', current_timestamp),
('user958_org1_test', current_timestamp),
('user959_org1_test', current_timestamp),
('user960_org1_test', current_timestamp),
('user961_org3_test', current_timestamp),
('user962_org1_test', current_timestamp),
('user963_org1_test', current_timestamp),
('user964_org1_test', current_timestamp),
('user965_org1_test', current_timestamp),
('user966_org1_test', current_timestamp),
('user967_org1_test', current_timestamp),
('user968_org2_test', current_timestamp),
('user969_org1_test', current_timestamp),
('user970_org1_test', current_timestamp),
('user971_org1_test', current_timestamp),
('user972_org10_test', current_timestamp),
('user973_org1_test', current_timestamp),
('user974_org1_test', current_timestamp),
('user975_org1_test', current_timestamp),
('user976_org1_test', current_timestamp),
('user977_org1_test', current_timestamp),
('user978_org1_test', current_timestamp),
('user979_org2_test', current_timestamp),
('user980_org1_test', current_timestamp),
('user981_org1_test', current_timestamp),
('user982_org1_test', current_timestamp),
('user983_org1_test', current_timestamp),
('user984_org1_test', current_timestamp),
('user985_org2_test', current_timestamp),
('user986_org1_test', current_timestamp),
('user987_org2_test', current_timestamp),
('user988_org1_test', current_timestamp),
('user989_org11_test', current_timestamp),
('user990_org1_test', current_timestamp),
('user991_org1_test', current_timestamp),
('user992_org1_test', current_timestamp),
('user993_org1_test', current_timestamp),
('user994_org1_test', current_timestamp),
('user995_org1_test', current_timestamp),
('user996_org1_test', current_timestamp),
('user997_org1_test', current_timestamp),
('user998_org1_test', current_timestamp),
('user999_org1_test', current_timestamp),
('user1000_org1_test', current_timestamp),
('user1001_org1_test', current_timestamp),
('user1002_org3_test', current_timestamp),
('user1003_org1_test', current_timestamp),
('user1004_org1_test', current_timestamp),
('user1005_org3_test', current_timestamp),
('user1006_org1_test', current_timestamp),
('user1007_org1_test', current_timestamp),
('user1008_org1_test', current_timestamp),
('user1009_org1_test', current_timestamp),
('user1010_org1_test', current_timestamp),
('user1011_org1_test', current_timestamp),
('user1012_org1_test', current_timestamp),
('user1013_org1_test', current_timestamp),
('user1014_org1_test', current_timestamp),
('user1015_org1_test', current_timestamp),
('user1016_org1_test', current_timestamp),
('user1017_org1_test', current_timestamp),
('user1018_org2_test', current_timestamp),
('user1019_org3_test', current_timestamp),
('user1020_org1_test', current_timestamp),
('user1021_org1_test', current_timestamp),
('user1022_org3_test', current_timestamp),
('user1023_org1_test', current_timestamp),
('user1024_org1_test', current_timestamp),
('user1025_org1_test', current_timestamp),
('user1026_org1_test', current_timestamp),
('user1027_org1_test', current_timestamp),
('user1028_org1_test', current_timestamp),
('user1029_org1_test', current_timestamp),
('user1030_org1_test', current_timestamp),
('user1031_org1_test', current_timestamp),
('user1032_org13_test', current_timestamp),
('user1033_org1_test', current_timestamp),
('user1034_org1_test', current_timestamp),
('user1035_org1_test', current_timestamp),
('user1036_org1_test', current_timestamp),
('user1037_org1_test', current_timestamp),
('user1038_org1_test', current_timestamp),
('user1039_org1_test', current_timestamp),
('user1040_org1_test', current_timestamp),
('user1041_org1_test', current_timestamp),
('user1042_org1_test', current_timestamp),
('user1043_org1_test', current_timestamp),
('user1044_org1_test', current_timestamp),
('user1045_org1_test', current_timestamp),
('user1046_org1_test', current_timestamp),
('user1047_org1_test', current_timestamp),
('user1048_org1_test', current_timestamp),
('user1049_org1_test', current_timestamp),
('user1050_org2_test', current_timestamp),
('user1051_org1_test', current_timestamp),
('user1052_org1_test', current_timestamp),
('user1053_org1_test', current_timestamp),
('user1054_org3_test', current_timestamp),
('user1055_org2_test', current_timestamp),
('user1056_org2_test', current_timestamp),
('user1057_org1_test', current_timestamp),
('user1058_org1_test', current_timestamp),
('user1059_org1_test', current_timestamp),
('user1060_org1_test', current_timestamp),
('user1061_org1_test', current_timestamp),
('user1062_org1_test', current_timestamp),
('user1063_org1_test', current_timestamp),
('user1064_org1_test', current_timestamp),
('user1065_org1_test', current_timestamp),
('user1066_org1_test', current_timestamp),
('user1067_org1_test', current_timestamp),
('user1068_org12_test', current_timestamp),
('user1069_org1_test', current_timestamp),
('user1070_org1_test', current_timestamp),
('user1071_org1_test', current_timestamp),
('user1072_org1_test', current_timestamp),
('user1073_org1_test', current_timestamp),
('user1074_org1_test', current_timestamp),
('user1075_org1_test', current_timestamp),
('user1076_org1_test', current_timestamp),
('user1077_org2_test', current_timestamp),
('user1078_org1_test', current_timestamp),
('user1079_org1_test', current_timestamp),
('user1080_org1_test', current_timestamp),
('user1081_org1_test', current_timestamp),
('user1082_org1_test', current_timestamp),
('user1083_org1_test', current_timestamp),
('user1084_org1_test', current_timestamp),
('user1085_org1_test', current_timestamp),
('user1086_org1_test', current_timestamp),
('user1087_org1_test', current_timestamp),
('user1088_org1_test', current_timestamp),
('user1089_org1_test', current_timestamp),
('user1090_org1_test', current_timestamp),
('user1091_org1_test', current_timestamp),
('user1092_org1_test', current_timestamp),
('user1093_org1_test', current_timestamp),
('user1094_org1_test', current_timestamp),
('user1095_org1_test', current_timestamp),
('user1096_org1_test', current_timestamp),
('user1097_org1_test', current_timestamp),
('user1098_org1_test', current_timestamp),
('user1099_org1_test', current_timestamp),
('user1100_org1_test', current_timestamp),
('user1101_org14_test', current_timestamp),
('user1102_org2_test', current_timestamp),
('user1103_org2_test', current_timestamp),
('user1104_org1_test', current_timestamp),
('user1105_org1_test', current_timestamp),
('user1106_org1_test', current_timestamp),
('user1107_org1_test', current_timestamp),
('user1108_org2_test', current_timestamp),
('user1109_org2_test', current_timestamp),
('user1110_org2_test', current_timestamp),
('user1111_org1_test', current_timestamp),
('user1112_org1_test', current_timestamp),
('user1113_org2_test', current_timestamp),
('user1114_org1_test', current_timestamp),
('user1115_org1_test', current_timestamp),
('user1116_org1_test', current_timestamp),
('user1117_org1_test', current_timestamp),
('user1118_org1_test', current_timestamp),
('user1119_org1_test', current_timestamp),
('user1120_org1_test', current_timestamp),
('user1121_org5_test', current_timestamp),
('user1122_org1_test', current_timestamp),
('user1123_org1_test', current_timestamp),
('user1124_org1_test', current_timestamp),
('user1125_org1_test', current_timestamp),
('user1126_org12_test', current_timestamp),
('user1127_org1_test', current_timestamp),
('user1128_org1_test', current_timestamp),
('user1129_org1_test', current_timestamp),
('user1130_org1_test', current_timestamp),
('user1131_org1_test', current_timestamp),
('user1132_org1_test', current_timestamp),
('user1133_org2_test', current_timestamp),
('user1134_org1_test', current_timestamp),
('user1135_org1_test', current_timestamp),
('user1136_org1_test', current_timestamp),
('user1137_org1_test', current_timestamp),
('user1138_org3_test', current_timestamp),
('user1139_org1_test', current_timestamp),
('user1140_org1_test', current_timestamp),
('user1141_org1_test', current_timestamp),
('user1142_org1_test', current_timestamp),
('user1143_org1_test', current_timestamp),
('user1144_org1_test', current_timestamp),
('user1145_org1_test', current_timestamp),
('user1146_org1_test', current_timestamp),
('user1147_org9_test', current_timestamp),
('user1148_org1_test', current_timestamp),
('user1149_org1_test', current_timestamp),
('user1150_org1_test', current_timestamp),
('user1151_org1_test', current_timestamp),
('user1152_org1_test', current_timestamp),
('user1153_org1_test', current_timestamp),
('user1154_org1_test', current_timestamp),
('user1155_org1_test', current_timestamp),
('user1156_org1_test', current_timestamp),
('user1157_org1_test', current_timestamp),
('user1158_org13_test', current_timestamp),
('user1159_org1_test', current_timestamp),
('user1160_org1_test', current_timestamp),
('user1161_org1_test', current_timestamp),
('user1162_org1_test', current_timestamp),
('user1163_org1_test', current_timestamp),
('user1164_org000000007_test', current_timestamp),
('user1165_org1_test', current_timestamp),
('user1166_org1_test', current_timestamp),
('user1167_org1_test', current_timestamp),
('user1168_org1_test', current_timestamp),
('user1169_org1_test', current_timestamp),
('user1170_org1_test', current_timestamp),
('user1171_org1_test', current_timestamp),
('user1172_org1_test', current_timestamp),
('user1173_org1_test', current_timestamp),
('user1174_org1_test', current_timestamp),
('user1175_org1_test', current_timestamp),
('user1176_org1_test', current_timestamp),
('user1177_org1_test', current_timestamp),
('user1178_org1_test', current_timestamp),
('user1179_org1_test', current_timestamp),
('user1180_org1_test', current_timestamp),
('user1181_org1_test', current_timestamp),
('user1182_org2_test', current_timestamp),
('user1183_org1_test', current_timestamp),
('user1184_org1_test', current_timestamp),
('user1185_org1_test', current_timestamp),
('user1186_org1_test', current_timestamp),
('user1187_org1_test', current_timestamp),
('user1188_org1_test', current_timestamp),
('user1189_org2_test', current_timestamp),
('user1190_org1_test', current_timestamp),
('user1191_org2_test', current_timestamp),
('user1192_org000000007_test', current_timestamp),
('user1193_org5_test', current_timestamp),
('user1194_org1_test', current_timestamp),
('user1195_org1_test', current_timestamp),
('user1196_org1_test', current_timestamp),
('user1197_org1_test', current_timestamp),
('user1198_org1_test', current_timestamp),
('user1199_org1_test', current_timestamp),
('user1200_org1_test', current_timestamp),
('user1201_org1_test', current_timestamp),
('user1202_org1_test', current_timestamp),
('user1203_org1_test', current_timestamp),
('user1204_org1_test', current_timestamp),
('user1205_org1_test', current_timestamp),
('user1206_org2_test', current_timestamp),
('user1207_org1_test', current_timestamp),
('user1208_org1_test', current_timestamp),
('user1209_org1_test', current_timestamp),
('user1210_org1_test', current_timestamp),
('user1211_org1_test', current_timestamp),
('user1212_org1_test', current_timestamp),
('user1213_org1_test', current_timestamp),
('user1214_org1_test', current_timestamp),
('user1215_org2_test', current_timestamp),
('user1216_org1_test', current_timestamp),
('user1217_org1_test', current_timestamp),
('user1218_org1_test', current_timestamp),
('user1219_org1_test', current_timestamp),
('user1220_org1_test', current_timestamp),
('user1221_org1_test', current_timestamp),
('user1222_org1_test', current_timestamp),
('user1223_org3_test', current_timestamp),
('user1224_org1_test', current_timestamp),
('user1225_org1_test', current_timestamp),
('user1226_org1_test', current_timestamp),
('user1227_org1_test', current_timestamp),
('user1228_org1_test', current_timestamp),
('user1229_org1_test', current_timestamp),
('user1230_org1_test', current_timestamp),
('user1231_org1_test', current_timestamp),
('user1232_org1_test', current_timestamp),
('user1233_org1_test', current_timestamp),
('user1234_org1_test', current_timestamp),
('user1235_org3_test', current_timestamp),
('user1236_org1_test', current_timestamp),
('user1237_org1_test', current_timestamp),
('user1238_org1_test', current_timestamp),
('user1239_org1_test', current_timestamp),
('user1240_org1_test', current_timestamp),
('user1241_org1_test', current_timestamp),
('user1242_org1_test', current_timestamp),
('user1243_org1_test', current_timestamp),
('user1244_org1_test', current_timestamp),
('user1245_org1_test', current_timestamp),
('user1246_org2_test', current_timestamp),
('user1247_org1_test', current_timestamp),
('user1248_org1_test', current_timestamp),
('user1249_org1_test', current_timestamp),
('user1250_org1_test', current_timestamp),
('user1251_org1_test', current_timestamp),
('user1252_org1_test', current_timestamp),
('user1253_org1_test', current_timestamp),
('user1254_org1_test', current_timestamp),
('user1255_org1_test', current_timestamp),
('user1256_org1_test', current_timestamp),
('user1257_org1_test', current_timestamp),
('user1258_org1_test', current_timestamp),
('user1259_org1_test', current_timestamp),
('user1260_org2_test', current_timestamp),
('user1261_org1_test', current_timestamp),
('user1262_org1_test', current_timestamp),
('user1263_org1_test', current_timestamp),
('user1264_org1_test', current_timestamp),
('user1265_org1_test', current_timestamp),
('user1266_org1_test', current_timestamp),
('user1267_org1_test', current_timestamp),
('user1268_org1_test', current_timestamp),
('user1269_org1_test', current_timestamp),
('user1270_org1_test', current_timestamp),
('user1271_org1_test', current_timestamp),
('user1272_org2_test', current_timestamp),
('user1273_org1_test', current_timestamp),
('user1274_org1_test', current_timestamp),
('user1275_org1_test', current_timestamp),
('user1276_org1_test', current_timestamp),
('user1277_org1_test', current_timestamp),
('user1278_org1_test', current_timestamp),
('user1279_org1_test', current_timestamp),
('user1280_org1_test', current_timestamp),
('user1281_org1_test', current_timestamp),
('user1282_org1_test', current_timestamp),
('user1283_org1_test', current_timestamp),
('user1284_org1_test', current_timestamp),
('user1285_org1_test', current_timestamp),
('user1286_org1_test', current_timestamp),
('user1287_org1_test', current_timestamp),
('user1288_org1_test', current_timestamp),
('user1289_org1_test', current_timestamp),
('user1290_org1_test', current_timestamp),
('user1291_org1_test', current_timestamp),
('user1292_org1_test', current_timestamp),
('user1293_org2_test', current_timestamp),
('user1294_org1_test', current_timestamp),
('user1295_org1_test', current_timestamp),
('user1296_org1_test', current_timestamp),
('user1297_org1_test', current_timestamp),
('user1298_org1_test', current_timestamp),
('user1299_org1_test', current_timestamp),
('user1300_org1_test', current_timestamp),
('user1301_org1_test', current_timestamp),
('user1302_org2_test', current_timestamp),
('user1303_org1_test', current_timestamp),
('user1304_org1_test', current_timestamp),
('user2005_org1_test', current_timestamp);
